Cluster,Recency,Frequency,Monetary
0,248.56403013182674,1.551789077212806,478.10758097928436
1,15.672985781990521,22.04739336492891,12453.225924170616
2,7.384615384615385,82.53846153846153,127338.31384615385
3,43.92038007863696,3.656290956749672,1350.1405317824376
